# #Freq. (Hz.), dB Mag., Phase (deg.)
1.000000000000000048e-04,1.114029287142734148e+02,-1.803183382232284941e+02
1.016265089392995232e-04,1.111226437774255089e+02,-1.803235159043662179e+02
1.032794731918951437e-04,1.108423586878719647e+02,-1.803287777950728810e+02
1.049593230558227707e-04,1.105620734406051184e+02,-1.803341252647331316e+02
1.066664958279538747e-04,1.102817880304532423e+02,-1.803395597049903643e+02
1.084014359178331018e-04,1.100015024520749165e+02,-1.803450825301080442e+02
1.101645949633656949e-04,1.097212166999536009e+02,-1.803506951773368030e+02
1.119564319483878348e-04,1.094409307683919650e+02,-1.803563991072875297e+02
1.137774133221491354e-04,1.091606446515057200e+02,-1.803621958043106304e+02
1.156280131207375404e-04,1.088803583432177646e+02,-1.803680867768810856e+02
1.175087130904807617e-04,1.086000718372516189e+02,-1.803740735579901298e+02
1.194200028133532475e-04,1.083197851271251011e+02,-1.803801577055428709e+02
1.213623798344240533e-04,1.080394982061434632e+02,-1.803863408027626178e+02
1.233363497913775981e-04,1.077592110673923571e+02,-1.803926244586016594e+02
1.253424265461399551e-04,1.074789237037308851e+02,-1.803990103081585801e+02
1.273811323186478520e-04,1.071986361077838694e+02,-1.804055000131022553e+02
1.294529978227916035e-04,1.069183482719343772e+02,-1.804120952621030938e+02
1.315585624045703867e-04,1.066380601883157766e+02,-1.804187977712705901e+02
1.336983741824946607e-04,1.063577718488033952e+02,-1.804256092845985791e+02
1.358729901902709127e-04,1.060774832450062775e+02,-1.804325315744172542e+02
1.380829765218092263e-04,1.057971943682583174e+02,-1.804395664418523779e+02
1.403289084785873094e-04,1.055169052096092486e+02,-1.804467157172925056e+02
1.426113707194128302e-04,1.052366157598154217e+02,-1.804539812608629461e+02
1.449309574126216591e-04,1.049563260093300556e+02,-1.804613649629079646e+02
1.472882723907501770e-04,1.046760359482934319e+02,-1.804688687444802326e+02
1.496839293077255632e-04,1.043957455665224927e+02,-1.804764945578388051e+02
1.521185517986104894e-04,1.041154548535004096e+02,-1.804842443869542592e+02
1.545927736419477048e-04,1.038351637983655280e+02,-1.804921202480228146e+02
1.571072389247450316e-04,1.035548723899000834e+02,-1.805001241899880426e+02
1.596626022101426778e-04,1.032745806165185485e+02,-1.805082582950713288e+02
1.622595287078087002e-04,1.029942884662556111e+02,-1.805165246793106917e+02
1.648986944471065013e-04,1.027139959267536398e+02,-1.805249254931083271e+02
1.675807864530766986e-04,1.024337029852499086e+02,-1.805334629217869065e+02
1.703065029252844313e-04,1.021534096285632529e+02,-1.805421391861546283e+02
1.730765534195725735e-04,1.018731158430804697e+02,-1.805509565430797920e+02
1.758916590327732731e-04,1.015928216147420642e+02,-1.805599172860739259e+02
1.787525525904235457e-04,1.013125269290275554e+02,-1.805690237458848060e+02
1.816599788375326786e-04,1.010322317709405979e+02,-1.805782782910986271e+02
1.846146946324547647e-04,1.007519361249931649e+02,-1.805876833287519787e+02
1.876174691439121437e-04,1.004716399751895324e+02,-1.805972413049534282e+02
1.906690840512252085e-04,1.001913433050096955e+02,-1.806069547055151929e+02
1.937703337477988843e-04,9.991104609739207376e+01,-1.806168260565949311e+02
1.969220255479171443e-04,9.963074833471583247e+01,-1.806268579253475082e+02
2.001249798969037010e-04,9.935044999878256533e+01,-1.806370529205873652e+02
2.033800305846982068e-04,9.907015107079735117e+01,-1.806474136934614592e+02
2.066880249629082160e-04,9.878985153134925667e+01,-1.806579429381326918e+02
2.100498241653915262e-04,9.850955136039105753e+01,-1.806686433924745359e+02
2.134663033324245458e-04,9.822925053721851896e+01,-1.806795178387764622e+02
2.169383518385184322e-04,9.794894904044879524e+01,-1.806905691044604794e+02
2.204668735239409788e-04,9.766864684799816132e+01,-1.807018000628094967e+02
2.240527869300018224e-04,9.738834393705923276e+01,-1.807132136337065731e+02
2.276970255381680010e-04,9.710804028407699207e+01,-1.807248127843865291e+02
2.314005380130654006e-04,9.682773586472457339e+01,-1.807366005301990981e+02
2.351642884494348565e-04,9.654743065387783929e+01,-1.807485799353840719e+02
2.389892566231050343e-04,9.626712462558926120e+01,-1.807607541138589511e+02
2.428764382460450548e-04,9.598681775306101827e+01,-1.807731262300189599e+02
2.468268452255692339e-04,9.570651000861708724e+01,-1.807856994995494802e+02
2.508415059277541376e-04,9.542620136367459338e+01,-1.807984771902515320e+02
2.549214654451423018e-04,9.514589178871401032e+01,-1.808114626228800716e+02
2.590677858688008933e-04,9.486558125324850721e+01,-1.808246591719955063e+02
2.632815465648020189e-04,9.458526972579237224e+01,-1.808380702668286517e+02
2.675638444552045064e-04,9.430495717382818555e+01,-1.808516993921592473e+02
2.719157943036019107e-04,9.402464356377309684e+01,-1.808655500892079999e+02
2.763385290053169780e-04,9.374432886094403727e+01,-1.808796259565428102e+02
2.808331998823172674e-04,9.346401302952151013e+01,-1.808939306509992377e+02
2.854009769829237591e-04,9.318369603251262845e+01,-1.809084678886149504e+02
2.900430493863991868e-04,9.290337783171251829e+01,-1.809232414455791513e+02
2.947606255124858598e-04,9.262305838766478416e+01,-1.809382551591964443e+02
2.995549334359813402e-04,9.234273765962049652e+01,-1.809535129288657629e+02
3.044272212064302527e-04,9.206241560549587177e+01,-1.809690187170746185e+02
3.093787571730136510e-04,9.178209218182871609e+01,-1.809847765504085544e+02
3.144108303147264728e-04,9.150176734373316378e+01,-1.810007905205763450e+02
3.195247505759213607e-04,9.122144104485322202e+01,-1.810170647854506285e+02
3.247218492073128513e-04,9.094111323731470975e+01,-1.810336035701252797e+02
3.300034791125285049e-04,9.066078387167547703e+01,-1.810504111679883295e+02
3.353710152002928996e-04,9.038045289687420336e+01,-1.810674919418115394e+02
3.408258547423452110e-04,9.010012026017744802e+01,-1.810848503248572001e+02
3.463694177371734288e-04,8.981978590712495247e+01,-1.811024908220005614e+02
3.520031472796678832e-04,8.953944978147325173e+01,-1.811204180108709068e+02
3.577285099367873231e-04,8.925911182513718245e+01,-1.811386365430089143e+02
3.635469961293317630e-04,8.897877197812996997e+01,-1.811571511450417518e+02
3.694601205199302477e-04,8.869843017850078581e+01,-1.811759666198764194e+02
3.754694224073336860e-04,8.841808636227078466e+01,-1.811950878479104006e+02
3.815764661271248614e-04,8.813774046336669699e+01,-1.812145197882612990e+02
3.877828414589457430e-04,8.785739241355243223e+01,-1.812342674800141822e+02
3.940901640403447737e-04,8.757704214235843665e+01,-1.812543360434882231e+02
4.005000757873611187e-04,8.729668957700869214e+01,-1.812747306815218451e+02
4.070142453219438875e-04,8.701633464234548399e+01,-1.812954566807770505e+02
4.136343684063273807e-04,8.673597726075146852e+01,-1.813165194130635314e+02
4.203621683844713762e-04,8.645561735206945286e+01,-1.813379243366815956e+02
4.271993966306776428e-04,8.617525483351948878e+01,-1.813596769977854422e+02
4.341478330055092592e-04,8.589488961961319546e+01,-1.813817830317663891e+02
4.412092863191189912e-04,8.561452162206536798e+01,-1.814042481646560532e+02
4.483855948021186208e-04,8.533415074970278624e+01,-1.814270782145503063e+02
4.556786265841063742e-04,8.505377690836985494e+01,-1.814502790930538083e+02
4.630902801799736631e-04,8.477340000083144389e+01,-1.814738568067451752e+02
4.706224849841281286e-04,8.449301992667230365e+01,-1.814978174586635475e+02
4.782772017727485083e-04,8.421263658219346837e+01,-1.815221672498163912e+02
4.860564232142134127e-04,8.393224986030516277e+01,-1.815469124807086700e+02
4.939621743878321080e-04,8.365185965041621330e+01,-1.815720595528938759e+02
5.019965133110079530e-04,8.337146583832000601e+01,-1.815976149705466582e+02
5.101615314749833501e-04,8.309106830607657912e+01,-1.816235853420582487e+02
5.184593543892913273e-04,8.281066693189104910e+01,-1.816499773816531729e+02
5.268921421350671128e-04,8.253026158998812889e+01,-1.816767979110292401e+02
5.354620899273607008e-04,8.224985215048228326e+01,-1.817040538610198155e+02
5.441714286865887004e-04,8.196943847924414683e+01,-1.817317522732790565e+02
5.530224256192900478e-04,8.168902043776220978e+01,-1.817599003019897737e+02
5.620173848083188321e-04,8.140859788300036826e+01,-1.817885052155950234e+02
5.711586478126434762e-04,8.112817066725060045e+01,-1.818175743985523241e+02
5.804485942768977755e-04,8.084773863798110938e+01,-1.818471153531118034e+02
5.898896425508493501e-04,8.056730163767930719e+01,-1.818771357011176235e+02
5.994842503189408769e-04,8.028685950369012403e+01,-1.819076431858331091e+02
6.092349152400711784e-04,8.000641206804878891e+01,-1.819386456737896935e+02
6.191441755977847598e-04,7.972595915730826732e+01,-1.819701511566597674e+02
6.292146109610343785e-04,7.944550059236132711e+01,-1.820021677531533442e+02
6.394488428556943443e-04,7.916503618825669264e+01,-1.820347037109388566e+02
6.498495354469888087e-04,7.888456575400940096e+01,-1.820677674085881392e+02
6.604193962330305243e-04,7.860408909240501885e+01,-1.821013673575452572e+02
6.711611767496286933e-04,7.832360599979757865e+01,-1.821355122041196921e+02
6.820776732865685421e-04,7.804311626590116191e+01,-1.821702107315036869e+02
6.931717276155407569e-04,7.776261967357451965e+01,-1.822054718618136064e+02
7.044462277299036847e-04,7.748211599859916987e+01,-1.822413046581556273e+02
7.159041085964888522e-04,7.720160500945006277e+01,-1.822777183267152736e+02
7.275483529196232748e-04,7.692108646705916897e+01,-1.823147222188709407e+02
7.393819919175865889e-04,7.664056012457135125e+01,-1.823523258333315766e+02
7.514081061116969704e-04,7.636002572709250558e+01,-1.823905388182978413e+02
7.636298261282241416e-04,7.607948301142974401e+01,-1.824293709736471101e+02
7.760503335133571478e-04,7.579893170582317907e+01,-1.824688322531417555e+02
7.886728615614155540e-04,7.551837152966930944e+01,-1.825089327666607062e+02
8.015006961565405291e-04,7.523780219323553808e+01,-1.825496827824541128e+02
8.145371766280745229e-04,7.495722339736551021e+01,-1.825910927294207227e+02
8.277856966198472461e-04,7.467663483317552675e+01,-1.826331731994074516e+02
8.412497049736117902e-04,7.439603618174071187e+01,-1.826759349495312961e+02
8.549327066268385105e-04,7.411542711377191495e+01,-1.827193889045229582e+02
8.688382635251184257e-04,7.383480728928189762e+01,-1.827635461590915043e+02
8.829699955494092365e-04,7.355417635724124636e+01,-1.828084179803098834e+02
8.973315814583519715e-04,7.327353395522341373e+01,-1.828540158100210249e+02
9.119267598459298522e-04,7.299287970903846201e+01,-1.829003512672632326e+02
9.267593301146882789e-04,7.271221323235549505e+01,-1.829474361507149922e+02
9.418331534647951184e-04,7.243153412631313870e+01,-1.829952824411579684e+02
9.571521538991865398e-04,7.215084197911767205e+01,-1.830439023039580206e+02
9.727203192450537298e-04,7.187013636562900842e+01,-1.830933080915627897e+02
9.885417021919572569e-04,7.158941684693314755e+01,-1.831435123460155694e+02
1.004620421346813248e-03,7.130868296990189492e+01,-1.831945278014842131e+02
1.020960662306046604e-03,7.102793426673852650e+01,-1.832463673868042520e+02
1.037566678745185890e-03,7.074717025450929953e+01,-1.832990442280353136e+02
1.054442793526168438e-03,7.046639043466076657e+01,-1.833525716510288532e+02
1.071593399822671090e-03,7.018559429252174198e+01,-1.834069631840073669e+02
1.089022962263730540e-03,6.990478129679021890e+01,-1.834622325601526711e+02
1.106736018095973379e-03,6.962395089900429923e+01,-1.835183937202020559e+02
1.124737178364752007e-03,6.934310253299679516e+01,-1.835754608150513718e+02
1.143031129114478739e-03,6.906223561433333202e+01,-1.836334482083626369e+02
1.161622632608501782e-03,6.878134953973295751e+01,-1.836923704791751959e+02
1.180516528568805639e-03,6.850044368647127158e+01,-1.837522424245181583e+02
1.199717735435884385e-03,6.821951741176528117e+01,-1.838130790620225525e+02
1.219231251649110712e-03,6.793857005213952505e+01,-1.838748956325304391e+02
1.239062156947915577e-03,6.765760092277302817e+01,-1.839377076027001010e+02
1.259215613694150996e-03,6.737660931682654564e+01,-1.840015306676036460e+02
1.279696868215941504e-03,6.709559450474947084e+01,-1.840663807533154284e+02
1.300511252173409829e-03,6.681455573356591060e+01,-1.841322740194883067e+02
1.321664183946605082e-03,6.653349222613948655e+01,-1.841992268619155766e+02
1.343161170046015297e-03,6.625240318041595344e+01,-1.842672559150745997e+02
1.365007806546013683e-03,6.597128776864350641e+01,-1.843363780546506234e+02
1.387209780541621062e-03,6.569014513656983922e+01,-1.844066104000357029e+02
1.409772871628967679e-03,6.540897440261556994e+01,-1.844779703168012475e+02
1.432702953409831009e-03,6.512777465702311019e+01,-1.845504754191387917e+02
1.456005995020648574e-03,6.484654496098080756e+01,-1.846241435722670303e+02
1.479688062686396275e-03,6.456528434572142316e+01,-1.846989928947990904e+02
1.503755321299738400e-03,6.428399181159433340e+01,-1.847750417610676834e+02
1.528214036025870833e-03,6.400266632711091574e+01,-1.848523088034025363e+02
1.553070573933460147e-03,6.372130682796239398e+01,-1.849308129143557835e+02
1.578331405652116590e-03,6.343991221600944641e+01,-1.850105732488705144e+02
1.604003107056819902e-03,6.315848135824304421e+01,-1.850916092263872770e+02
1.630092360979741193e-03,6.287701308571577385e+01,-1.851739405328826535e+02
1.656605958949915148e-03,6.259550619244285485e+01,-1.852575871228349911e+02
1.683550802961202323e-03,6.231395943427236261e+01,-1.853425692211106366e+02
1.710933907269013374e-03,6.203237152772385343e+01,-1.854289073247646229e+02
1.738762400216250364e-03,6.175074114879472376e+01,-1.855166222047493534e+02
1.767043526088946754e-03,6.146906693173370684e+01,-1.856057349075240381e+02
1.795784647002096786e-03,6.118734746778061151e+01,-1.856962667565577760e+02
1.824993244816152391e-03,6.090558130387186964e+01,-1.857882393537188932e+02
1.854676923084697636e-03,6.062376694131099697e+01,-1.858816745805422102e+02
1.884843409033795311e-03,6.034190283440339897e+01,-1.859765945993660807e+02
1.915500555573527823e-03,6.005998738905496026e+01,-1.860730218543305057e+02
1.946656343342263208e-03,5.977801896133338744e+01,-1.861709790722273112e+02
1.978318882784164089e-03,5.949599585599212759e+01,-1.862704892631922178e+02
2.010496416260497063e-03,5.921391632495581092e+01,-1.863715757212302719e+02
2.043197320195270540e-03,5.893177856576683382e+01,-1.864742620245622504e+02
2.076430107255774777e-03,5.864958071999249967e+01,-1.865785720357828268e+02
2.110203428568596575e-03,5.836732087159190030e+01,-1.866845299018187347e+02
2.144526075971667656e-03,5.808499704524216156e+01,-1.867921600536744222e+02
2.179406984302953865e-03,5.780260720462345603e+01,-1.869014872059539982e+02
2.214855233726359396e-03,5.752014925066232820e+01,-1.870125363561456879e+02
2.250880052095461867e-03,5.723762101973277794e+01,-1.871253327836559492e+02
2.287490817355704049e-03,5.695502028181468290e+01,-1.872399020485795518e+02
2.324697059985648094e-03,5.667234473860919053e+01,-1.873562699901904693e+02
2.362508465477944960e-03,5.638959202161065321e+01,-1.874744627251390057e+02
2.400934876860651764e-03,5.610675969013491482e+01,-1.875945066453401466e+02
2.439986297259550199e-03,5.582384522930365023e+01,-1.877164284155354039e+02
2.479672892502160324e-03,5.554084604798448765e+01,-1.878402549705130014e+02
2.520004993764092018e-03,5.525775947668688559e+01,-1.879660135119679296e+02
2.560993100258456608e-03,5.497458276541360078e+01,-1.880937315049844756e+02
2.602647881969004373e-03,5.469131308146793913e+01,-1.882234366741215865e+02
2.644980182427719966e-03,5.440794750721677531e+01,-1.883551569990832206e+02
2.688001021537607393e-03,5.412448303780942638e+01,-1.884889207099522537e+02
2.731721598441376204e-03,5.384091657885294069e+01,-1.886247562819681036e+02
2.776153294436798247e-03,5.355724494404383762e+01,-1.887626924298263589e+02
2.821307675939470957e-03,5.327346485275717924e+01,-1.889027581014791792e+02
2.867196497493769945e-03,5.298957292759335758e+01,-1.890449824714123395e+02
2.913831704832788461e-03,5.270556569188330798e+01,-1.891893949333772866e+02
2.961225437988034351e-03,5.242143956715322872e+01,-1.893360250925530579e+02
3.009390034449721096e-03,5.213719087054958834e+01,-1.894849027571138436e+02
3.058338032378431822e-03,5.185281581222599812e+01,-1.896360579291767579e+02
3.108082173869063970e-03,5.156831049269274558e+01,-1.897895207951041243e+02
3.158635408267819206e-03,5.128367090013106377e+01,-1.899453217151332751e+02
3.210010895543171858e-03,5.099889290767347916e+01,-1.901034912123070626e+02
3.262222009711669788e-03,5.071397227065232016e+01,-1.902640599606771730e+02
3.315282342319423366e-03,5.042890462381846817e+01,-1.904270587727519626e+02
3.369205705980266984e-03,5.014368547853265312e+01,-1.905925185861597981e+02
3.424006137971425789e-03,4.985831021993202938e+01,-1.907604704494987686e+02
3.479697903887691603e-03,4.957277410407461105e+01,-1.909309455073430684e+02
3.536295501355042614e-03,4.928707225506477840e+01,-1.911039749843754976e+02
3.593813663804625805e-03,4.900119966216331591e+01,-1.912795901686156697e+02
3.652267364308175480e-03,4.871515117688539931e+01,-1.914578223937133998e+02
3.711671819475766913e-03,4.842892151009068868e+01,-1.916387030202759831e+02
3.772042493416997554e-03,4.814250522906959162e+01,-1.918222634161979556e+02
3.833395101766601514e-03,4.785589675463030090e+01,-1.920085349359621603e+02
3.895745615775501273e-03,4.756909035819187181e+01,-1.921975488988815925e+02
3.959110266468458469e-03,4.728208015888788651e+01,-1.923893365662496535e+02
4.023505548869293034e-03,4.699486012068725671e+01,-1.925839291173686263e+02
4.088948226294864159e-03,4.670742404953735871e+01,-1.927813576244260219e+02
4.155455334718875619e-03,4.641976559053647122e+01,-1.929816530261880985e+02
4.223044187206672490e-03,4.613187822514206005e+01,-1.931848461004812805e+02
4.291732378422157684e-03,4.584375526842235615e+01,-1.933909674354334243e+02
4.361537789208005771e-03,4.555538986635870913e+01,-1.936000473994454580e+02
4.432478591240400501e-03,4.526677499320705067e+01,-1.938121161098686969e+02
4.504573251759458330e-03,4.497790344892679570e+01,-1.940272034003607757e+02
4.577840538376616412e-03,4.468876785668647500e+01,-1.942453387868969514e+02
4.652299523960188969e-03,4.439936066045542873e+01,-1.944665514324141213e+02
4.727969591600390473e-03,4.410967412269177146e+01,-1.946908701100672658e+02
4.804870439655133628e-03,4.381970032213683908e+01,-1.949183231650796984e+02
4.883022086877879774e-03,4.352943115172725186e+01,-1.951489384751714908e+02
4.962444877628913002e-03,4.323885831663601920e+01,-1.953827434095520630e+02
5.043159487171358993e-03,4.294797333245466575e+01,-1.956197647864672149e+02
5.125186927053332862e-03,4.265676752352884904e+01,-1.958600288292922755e+02
5.208548550577665401e-03,4.236523202146011613e+01,-1.961035611211682692e+02
5.293266058360561639e-03,4.207335776378766212e+01,-1.963503865581804746e+02
5.379361503980697491e-03,4.178113549286345574e+01,-1.966005293010831849e+02
5.466857299720180412e-03,4.148855575493544734e+01,-1.968540127255795937e+02
5.555776222398878077e-03,4.119560889945336868e+01,-1.971108593711681465e+02
5.646141419303672866e-03,4.090228507861234419e+01,-1.973710908885759352e+02
5.737976414214134013e-03,4.060857424714976105e+01,-1.976347279857997989e+02
5.831305113526218976e-03,4.031446616241148462e+01,-1.979017903727863938e+02
5.926151812475552276e-03,4.001995038470337107e+01,-1.981722967047852535e+02
6.022541201461928048e-03,3.972501627794490986e+01,-1.984462645244170460e+02
6.120498372476702517e-03,3.942965301064133854e+01,-1.987237102025052593e+02
6.220048825634711363e-03,3.913384955719137537e+01,-1.990046488777273623e+02
6.321218475812448445e-03,3.883759469954759425e+01,-1.992890943951480835e+02
6.424033659394191159e-03,3.854087702924650927e+01,-1.995770592437058610e+02
6.528521141127847059e-03,3.824368494982561373e+01,-1.998685544927316471e+02
6.634708121092351002e-03,3.794600667964409269e+01,-2.001635897275876346e+02
6.742622241778342337e-03,3.764783025512464576e+01,-2.004621729845217715e+02
6.852291595284057228e-03,3.734914353443244295e+01,-2.007643106848437924e+02
6.963744730628221996e-03,3.704993420160822382e+01,-2.010700075685362549e+02
7.077010661181889518e-03,3.675018977117094465e+01,-2.013792666274257499e+02
7.192118872221192789e-03,3.644989759320566236e+01,-2.016920890380459639e+02
7.309099328602910832e-03,3.614904485895124964e+01,-2.020084740943374015e+02
7.427982482564910414e-03,3.584761860690205992e+01,-2.023284191403350292e+02
7.548799281653431614e-03,3.554560572943670138e+01,-2.026519195030075480e+02
7.671581176779302368e-03,3.524299297998607727e+01,-2.029789684254197084e+02
7.796360130405236531e-03,3.493976698075151432e+01,-2.033095570004006731e+02
7.923168624866253756e-03,3.463591423098316113e+01,-2.036436741049087971e+02
8.052039670825470244e-03,3.433142111582658629e+01,-2.039813063352947040e+02
8.183006815867388886e-03,3.402627391574487348e+01,-2.043224379436711615e+02
8.316104153230962151e-03,3.372045881652110211e+01,-2.046670507756089989e+02
8.451366330684721012e-03,3.341396191984468800e+01,-2.050151242093849362e+02
8.588828559546249353e-03,3.310676925448305497e+01,-2.053666350970151484e+02
8.728526623848370872e-03,3.279886678803792677e+01,-2.057215577073161512e+02
8.870496889654402514e-03,3.249024043928343275e+01,-2.060798636712382859e+02
9.014776314524916914e-03,3.218087609108082603e+01,-2.064415219297261217e+02
9.161402457138520528e-03,3.187075960386192719e+01,-2.068064986843608892e+02
9.310413487069076066e-03,3.155987682967125352e+01,-2.071747573510457130e+02
9.461848194721992136e-03,3.124821362675357506e+01,-2.075462585169957777e+02
9.615746001432095430e-03,3.093575587467135790e+01,-2.079209599012964986e+02
9.772146969725723983e-03,3.062248948993324760e+01,-2.082988163192931097e+02
9.931091813749801447e-03,3.030840044211183937e+01,-2.086797796510729484e+02
1.009262190987047364e-02,2.999347477042629606e+01,-2.090637988142984796e+02
1.025677930744421824e-02,2.967769860076171184e+01,-2.094508197416452049e+02
1.042360673976401239e-02,2.936105816309488503e+01,-2.098407853630911006e+02
1.059314763518369971e-02,2.904353980929194279e+01,-2.102336355932977199e+02
1.076544612842315896e-02,2.872513003124138820e+01,-2.106293073243118954e+02
1.094054707205742438e-02,2.840581547928204031e+01,-2.110277344238076296e+02
1.111849604819271052e-02,2.808558298088308902e+01,-2.114288477390717560e+02
1.129933938033221737e-02,2.776441955953042395e+01,-2.118325751069252760e+02
1.148312414543511094e-02,2.744231245377016393e+01,-2.122388413697529188e+02
1.166989818617147553e-02,2.711924913635857592e+01,-2.126475683977960216e+02
1.185971012337669328e-02,2.679521733346406975e+01,-2.130586751178445013e+02
1.205260936870842549e-02,2.647020504386544104e+01,-2.134720775484406374e+02
1.224864613750930795e-02,2.614420055808835386e+01,-2.138876888416838824e+02
1.244787146187906202e-02,2.581719247741954604e+01,-2.143054193317029501e+02
1.265033720395903824e-02,2.548916973273785658e+01,-2.147251765898328131e+02
1.285609606943295159e-02,2.516012160309875867e+01,-2.151468654865088013e+02
1.306520162124721190e-02,2.483003773400871239e+01,-2.155703882598602945e+02
1.327770829355429116e-02,2.449890815532523192e+01,-2.159956445909572835e+02
1.349367140588306549e-02,2.416672329871736835e+01,-2.164225316856335724e+02
1.371314717753945554e-02,2.383347401462259185e+01,-2.168509443627788471e+02
1.393619274224142113e-02,2.349915158863538167e+01,-2.172807751489614816e+02
1.416286616299198761e-02,2.316374775726436042e+01,-2.177119143792122600e+02
1.439322644719406505e-02,2.282725472299602387e+01,-2.181442503037683593e+02
1.462733356201129965e-02,2.248966516860401299e+01,-2.185776692005472626e+02
1.486524844997857107e-02,2.215097227064607921e+01,-2.190120554930877290e+02
1.510703304486653992e-02,2.181116971209196720e+01,-2.194472918736690872e+02
1.535275028780422671e-02,2.147025169402918010e+01,-2.198832594312886783e+02
1.560246414366369544e-02,2.112821294639650205e+01,-2.203198377841530373e+02
1.585623961771137277e-02,2.078504873769816186e+01,-2.207569052163109689e+02
1.611414277253019750e-02,2.044075488365585969e+01,-2.211943388180354475e+02
1.637624074521687456e-02,2.009532775476007060e+01,-2.216320146295369113e+02
1.664260176485903714e-02,1.974876428268568418e+01,-2.220698077875741490e+02
1.691329517029648705e-02,1.940106196554275186e+01,-2.225075926745090840e+02
1.718839142817145740e-02,1.905221887193697583e+01,-2.229452430693394547e+02
1.746796215127245644e-02,1.870223364382029274e+01,-2.233826323002300285e+02
1.775208011717634149e-02,1.835110549811694725e+01,-2.238196333980543216e+02
1.804081928719382735e-02,1.799883422711541670e+01,-2.242561192504529970e+02
1.833425482562290806e-02,1.764542019762252067e+01,-2.246919627559097705e+02
1.863246311931559748e-02,1.729086434888080959e+01,-2.251270369773479842e+02
1.893552179756295348e-02,1.693516818925608547e+01,-2.255612152947503546e+02
1.924350975230330191e-02,1.657833379170747179e+01,-2.259943715563122453e+02
1.955650715865949255e-02,1.622036378805665535e+01,-2.264263802276447564e+02
1.987459549580983947e-02,1.586126136207961501e+01,-2.268571165385565678e+02
2.019785756819878278e-02,1.550103024144738839e+01,-2.272864566269561237e+02
2.052637752709252084e-02,1.513967468854831466e+01,-2.277142776794318024e+02
2.086024089248502897e-02,1.477719949022851154e+01,-2.281404580680865308e+02
2.119953457536070951e-02,1.441360994649063976e+01,-2.285648774832240235e+02
2.154434690031884619e-02,1.404891185819637300e+01,-2.289874170615063065e+02
2.189476762856620851e-02,1.368311151382025592e+01,-2.294079595092267709e+02
2.225088798128369363e-02,1.331621567530648242e+01,-2.298263892203697480e+02
2.261280066337277225e-02,1.294823156308329182e+01,-2.302425923891537991e+02
2.298059988758851049e-02,1.257916684029116539e+01,-2.306564571167867257e+02
2.335438139906479207e-02,1.220902959628443440e+01,-2.310678735121873331e+02
2.373424250023866214e-02,1.183782832946643815e+01,-2.314767337864616650e+02
2.412028207618006903e-02,1.146557192952033510e+01,-2.318829323409507310e+02
2.451260062033337392e-02,1.109226965909884299e+01,-2.322863658486974714e+02
2.491130026067788633e-02,1.071793113503568939e+01,-2.326869333292128488e+02
2.531648478631355614e-02,1.034256630914317121e+01,-2.330845362164497487e+02
2.572825967447932294e-02,9.966185448658618995e+00,-2.334790784199251448e+02
2.614673211801091940e-02,9.588799116402981326e+00,-2.338704663789592360e+02
2.657201105324503987e-02,9.210418150713630681e+00,-2.342586091100288570e+02
2.700420718837772543e-02,8.831053645211756731e+00,-2.346434182472607972e+02
2.744343303228365463e-02,8.450716928464172994e+00,-2.350248080761159031e+02
2.788980292380439582e-02,8.069419543596659139e+00,-2.354026955603401632e+02
2.834343306151309444e-02,7.687173227914424700e+00,-2.357770003622831609e+02
2.880444153396297807e-02,7.303989892583198973e+00,-2.361476448567046305e+02
2.927294835042815874e-02,6.919881602421354749e+00,-2.365145541382117358e+02
2.974907547214440673e-02,6.534860555851399688e+00,-2.368776560224878267e+02
3.023294684405776478e-02,6.148939065056514330e+00,-2.372368810414889140e+02
3.072468842709003348e-02,5.762129536384028583e+00,-2.375921624328017856e+02
3.122442823092858033e-02,5.374444451036031190e+00,-2.379434361233683717e+02
3.173229634734976018e-02,4.985896346083100283e+00,-2.382906407077938979e+02
3.224842498408442282e-02,4.596497795834553202e+00,-2.386337174214658887e+02
3.277294849923381714e-02,4.206261393595829290e+00,-2.389726101087181576e+02
3.330600343624588733e-02,3.815199733839361507e+00,-2.393072651862816542e+02
3.384772855945983316e-02,3.423325394813643729e+00,-2.396376316022666515e+02
3.439826489022924233e-02,3.030650921610775761e+00,-2.399636607909256725e+02
3.495775574363275268e-02,2.637188809710387716e+00,-2.402853066234470134e+02
3.552634676578139694e-02,2.242951489015306166e+00,-2.406025253550279785e+02
3.610418597173337130e-02,1.847951308389983449e+00,-2.409152755684777389e+02
3.669142378402494298e-02,1.452200520711774523e+00,-2.412235181145943557e+02
3.728821307182833555e-02,1.055711268440906236e+00,-2.415272160495591436e+02
3.789470919074667404e-02,6.584955697131109620e-01,-2.418263345695848443e+02
3.851107002325569045e-02,2.605653049567887569e-01,-2.421208409430488473e+02
3.913745601980384015e-02,-1.380677959669886490e-01,-2.424107044403361044e+02
3.977403024058037001e-02,-5.373921661039401387e-01,-2.426958962616076292e+02
4.042095839796305823e-02,-9.373964132312981867e-01,-2.429763894627035086e+02
4.107840889965647113e-02,-1.338069331174690291e+00,-2.432521588793788112e+02
4.174655289253134671e-02,-1.739399910625783807e+00,-2.435231810500621350e+02
4.242556430717776828e-02,-2.141377349471996094e+00,-2.437894341373161069e+02
4.311561990318228677e-02,-2.543991062649408441e+00,-2.440508978481680629e+02
4.381689931514189812e-02,-2.947230691533158975e+00,-2.443075533534697001e+02
4.452958509942655380e-02,-3.351086112879735790e+00,-2.445593832064312778e+02
4.525386278170166754e-02,-3.755547447336684108e+00,-2.448063712604664488e+02
4.598992090522438514e-02,-4.160605067537362700e+00,-2.450485025864716704e+02
4.673795107992463616e-02,-4.566249605797595201e+00,-2.452857633896515779e+02
4.749814803228499804e-02,-4.972471961433503118e+00,-2.455181409259918723e+02
4.827070965603182801e-02,-5.379263307719327258e+00,-2.457456234184681421e+02
4.905583706365045787e-02,-5.786615098504846344e+00,-2.459681999730674988e+02
4.985373463873893352e-02,-6.194519074513174850e+00,-2.461858604946898481e+02
5.066461008921268466e-02,-6.602967269338857470e+00,-2.463985956029814304e+02
5.148867450137492585e-02,-7.011952015167675967e+00,-2.466063965481443461e+02
5.232614239486661767e-02,-7.421465948239186261e+00,-2.468092551267530439e+02
5.317723177850972038e-02,-7.831502014072910356e+00,-2.470071635975979802e+02
5.404216420705915125e-02,-8.242053472480003862e+00,-2.472001145975652889e+02
5.492116483887789224e-02,-8.653113902381585731e+00,-2.473881010575508981e+02
5.581446249454960484e-02,-9.064677206454796021e+00,-2.475711161183959348e+02
5.672228971644543288e-02,-9.476737615628424649e+00,-2.477491530468202825e+02
5.764488282925878809e-02,-9.889289693448548135e+00,-2.479222051513195311e+02
5.858248200152536139e-02,-1.030232834033573752e+01,-2.480902656979814651e+02
5.953533130814370189e-02,-1.071584879775433308e+01,-2.482533278261659859e+02
6.050367879391218423e-02,-1.112984665231416415e+01,-2.484113844639830972e+02
6.148777653810023197e-02,-1.154431783982546200e+01,-2.485644282434931540e+02
6.248788072006894456e-02,-1.195925864932640970e+01,-2.487124514155420911e+02
6.350425168595962011e-02,-1.237466572710352963e+01,-2.488554457641348563e+02
6.453715401646702154e-02,-1.279053608072408466e+01,-2.489934025202391012e+02
6.558685659571428239e-02,-1.320686708309935575e+01,-2.491263122749008687e+02
6.665363268124913088e-02,-1.362365647659811430e+01,-2.492541648915421604e+02
6.773775997517751668e-02,-1.404090237722785162e+01,-2.493769494173004091e+02
6.883952069645496441e-02,-1.445860327890255803e+01,-2.494946539932573728e+02
6.995920165435375038e-02,-1.487675805781429439e+01,-2.496072657633939684e+02
7.109709432312431854e-02,-1.529536597692560385e+01,-2.497147707820942628e+02
7.225349491787214085e-02,-1.571442669060038710e+01,-2.498171539200110374e+02
7.342870447166766068e-02,-1.613394024938876115e+01,-2.499143987680905070e+02
7.462302891391107973e-02,-1.655390710498271289e+01,-2.500064875395408990e+02
7.583677914997190295e-02,-1.697432811535799502e+01,-2.500934009695150735e+02
7.707027114212294805e-02,-1.739520455011702893e+01,-2.501751182122619070e+02
7.832382599179196769e-02,-1.781653809604835104e+01,-2.502516167354862660e+02
7.959777002314985528e-02,-1.823833086291597994e+01,-2.503228722116382698e+02
8.089243486805938743e-02,-1.866058538949317480e+01,-2.503888584058374249e+02
8.220815755240540312e-02,-1.908330464985331076e+01,-2.504495470601155773e+02
8.354528058382862388e-02,-1.950649205993047985e+01,-2.505049077736437653e+02
8.490415204088747059e-02,-1.993015148436210282e+01,-2.505549078785857660e+02
8.628512566366895731e-02,-2.035428724362420283e+01,-2.505995123111979410e+02
8.768856094587426653e-02,-2.077890412147024435e+01,-2.506386834777697459e+02
8.911482322840201531e-02,-2.120400737268307978e+01,-2.506723811149730068e+02
9.056428379445294330e-02,-2.162960273114800458e+01,-2.507005621441587664e+02
9.203731996618221001e-02,-2.205569641825524840e+01,-2.507231805191097465e+02
9.353431520292386503e-02,-2.248229515163767545e+01,-2.507401870667228536e+02
9.505565920101191613e-02,-2.290940615424841198e+01,-2.507515293200607971e+02
9.660174799522645850e-02,-2.333703716378231263e+01,-2.507571513431721826e+02
9.817298406188841586e-02,-2.376519644244197593e+01,-2.507569935470380074e+02
9.976977642363200893e-02,-2.419389278704840507e+01,-2.507509924959576324e+02
1.013925407558815273e-01,-2.462313553949328693e+01,-2.507390807036370575e+02
1.030416994950587445e-01,-2.505293459752680718e+01,-2.507211864181913370e+02
1.047176819485520216e-01,-2.548330042587345190e+01,-2.506972333952131748e+02
1.064209244064724669e-01,-2.591424406766255117e+01,-2.506671406580007329e+02
1.081518702552288075e-01,-2.634577715615854032e+01,-2.506308222439675717e+02
1.099109700929497280e-01,-2.677791192676976095e+01,-2.505881869361874124e+02
1.116986818467822634e-01,-2.721066122931000919e+01,-2.505391379789462576e+02
1.135154708920999012e-01,-2.764403854048141795e+01,-2.504835727760894315e+02
1.153618101736478552e-01,-2.807805797653956859e+01,-2.504213825708590662e+02
1.172381803286598606e-01,-2.851273430609477444e+01,-2.503524521058167807e+02
1.191450698119776025e-01,-2.894808296299409633e+01,-2.502766592613388070e+02
1.210829750232039481e-01,-2.938412005921804138e+01,-2.501938746710514465e+02
1.230524004359261625e-01,-2.982086239771524561e+01,-2.501039613124501102e+02
1.250538587290391246e-01,-3.025832748508353376e+01,-2.500067740708039992e+02
1.270878709202058199e-01,-3.069653354399179079e+01,-2.499021592743024485e+02
1.291549665014883885e-01,-3.113549952521846365e+01,-2.497899541982341702e+02
1.312556835771842845e-01,-3.157524511916246368e+01,-2.496699865358188504e+02
1.333905690039058622e-01,-3.201579076665999679e+01,-2.495420738331185646e+02
1.355601785329368925e-01,-3.245715766891279230e+01,-2.494060228852551120e+02
1.377650769549053633e-01,-3.289936779630462382e+01,-2.492616290909369354e+02
1.400058382468097606e-01,-3.334244389584709722e+01,-2.491086757620632852e+02
1.422830457214351862e-01,-3.378640949695599716e+01,-2.489469333849173154e+02
1.445972921792019472e-01,-3.423128891521491823e+01,-2.487761588291853627e+02
1.469491800624817268e-01,-3.467710725372892000e+01,-2.485960945007458349e+02
1.493393216124251910e-01,-3.512389040161289699e+01,-2.484064674338563918e+02
1.517683390283405265e-01,-3.557166502908940942e+01,-2.482069883180321312e+02
1.542368646296627399e-01,-3.602045857859229017e+01,-2.479973504545528726e+02
1.567455410205594868e-01,-3.647029925118268068e+01,-2.477772286371583164e+02
1.592950212572122881e-01,-3.692121598747956313e+01,-2.475462779510960445e+02
1.618859690178197641e-01,-3.737323844218912683e+01,-2.473041324842702124e+02
1.645190587753662392e-01,-3.782639695118048451e+01,-2.470504039438108066e+02
1.671949759731990170e-01,-3.828072248989872861e+01,-2.467846801709415558e+02
1.699144172034625921e-01,-3.873624662172820621e+01,-2.465065235465769433e+02
1.726780903884355955e-01,-3.919300143471191689e+01,-2.462154692796347604e+02
1.754867149648150215e-01,-3.965101946479781247e+01,-2.459110235696181235e+02
1.783410220710008043e-01,-4.011033360351299848e+01,-2.455926616346127958e+02
1.812417547374237659e-01,-4.057097698765566207e+01,-2.452598255954864044e+02
1.841896680799710861e-01,-4.103298286824128382e+01,-2.449119222067795363e+02
1.871855294965579231e-01,-4.149638445553260624e+01,-2.445483204245842330e+02
1.902301188668943932e-01,-4.196121473651830058e+01,-2.441683488016453794e+02
1.933242287555045347e-01,-4.242750626067595476e+01,-2.437712927000478089e+02
1.964686646180446583e-01,-4.289529088924788169e+01,-2.433563913122264637e+02
1.996642450109793465e-01,-4.336459950257142992e+01,-2.429228344817395850e+02
2.029118018046678074e-01,-4.383546165922064120e+01,-2.424697593163689930e+02
2.062121803999142355e-01,-4.430790519982959097e+01,-2.419962465877872546e+02
2.095662399480432980e-01,-4.478195578746579741e+01,-2.415013169144015421e+02
2.129748535745520921e-01,-4.525763637529335881e+01,-2.409839267272461427e+02
2.164389086064020251e-01,-4.573496659100371886e+01,-2.404429640231735448e+02
2.199593068030074872e-01,-4.621396202608632109e+01,-2.398772439153794380e+02
2.235369645909794090e-01,-4.669463341645874266e+01,-2.392855039988317287e+02
2.271728133026905128e-01,-4.717698569927905794e+01,-2.386663995578826416e+02
2.308677994187169624e-01,-4.766101692892553388e+01,-2.380184986557297862e+02
2.346228848142262458e-01,-4.814671703317846152e+01,-2.373402771610655009e+02
2.384390470093720460e-01,-4.863406638860400477e+01,-2.366301137869251079e+02
2.423172794237598293e-01,-4.912303419208610933e+01,-2.358862852412558198e+02
2.462585916350546744e-01,-4.961357660346807563e+01,-2.351069616190316083e+02
2.502640096417919069e-01,-5.010563463247883931e+01,-2.342902022029267926e+02
2.543345761304648400e-01,-5.059913174172333328e+01,-2.334339518848112220e+02
2.584713507469563742e-01,-5.109397113676277513e+01,-2.325360384749024831e+02
2.626754103723835665e-01,-5.159003271455191708e+01,-2.315941712305447879e+02
2.669478494034320804e-01,-5.208716964319751241e+01,-2.306059410134024290e+02
2.712897800372467416e-01,-5.258520454975336378e+01,-2.295688225731675232e+02
2.757023325609582742e-01,-5.308392529934000237e+01,-2.284801795578974861e+02
2.801866556459195468e-01,-5.358308035921530887e+01,-2.273372729650659210e+02
2.847439166467244931e-01,-5.408237375667586377e+01,-2.261372738710297199e+02
2.893753019050950281e-01,-5.458145966117484704e+01,-2.248772814053550633e+02
2.940820170587063465e-01,-5.507993665028785557e+01,-2.235543470626255669e+02
2.988652873550382560e-01,-5.557734175770146123e+01,-2.221655065560318860e+02
3.037263579703311511e-01,-5.607314445067854081e+01,-2.207078204968419470e+02
3.086664943337274480e-01,-5.656674074554097587e+01,-2.191784252077475514e+02
3.136869824566876352e-01,-5.705744774287297361e+01,-2.175745949145183715e+02
3.187891292677645927e-01,-5.754449894829378565e+01,-2.158938163701268138e+02
3.239742629528195583e-01,-5.802704083658458956e+01,-2.141338766028001146e+02
3.292437333007768863e-01,-5.850413121053407650e+01,-2.122929638954939833e+02
3.345989120549974771e-01,-5.897473999112503407e+01,-2.103697812538046605e+02
3.400411932703706341e-01,-5.943775313820943751e+01,-2.083636704711431094e+02
3.455719936762139399e-01,-5.989198042164994717e+01,-2.062747434520056515e+02
3.511927530450727475e-01,-6.033616771949809277e+01,-2.041040157517917635e+02
3.569049345675229801e-01,-6.076901438846071812e+01,-2.018535354470811853e+02
3.627100252330648367e-01,-6.118919601225574922e+01,-1.995264986575691921e+02
3.686095362172157608e-01,-6.159539247458667433e+01,-1.971273415784658312e+02
3.746050032748993175e-01,-6.198632083143446891e+01,-1.946617980948495017e+02
3.806979871402283999e-01,-6.236077190212804311e+01,-1.921369123013557214e+02
3.868900739327975624e-01,-6.271764891783100637e+01,-1.895609968485411230e+02
3.931828755705770173e-01,-6.305600604265170261e+01,-1.869435311342203079e+02
3.995780301895269782e-01,-6.337508421425415150e+01,-1.842949978591960019e+02
4.060772025700365440e-01,-6.367434163107957090e+01,-1.816266619725849978e+02
4.126820845702952045e-01,-6.395347640739543493e+01,-1.789503018513329096e+02
4.193943955667186474e-01,-6.421243944026440431e+01,-1.762779078108639794e+02
4.262158829015325057e-01,-6.445143633612143219e+01,-1.736213668381089121e+02
4.331483223376398350e-01,-6.467091822144050184e+01,-1.709921540846699770e+02
4.401935185208874501e-01,-6.487156226562126449e+01,-1.684010508467673048e+02
4.473533054498463057e-01,-6.505424362224678703e+01,-1.658579056432652408e+02
4.546295469532399269e-01,-6.522000112323335941e+01,-1.633714501586486847e+02
4.620241371751312998e-01,-6.536999936925344912e+01,-1.609491760896424921e+02
4.695390010680057791e-01,-6.550548984305373779e+01,-1.585972732295583398e+02
4.771760948938745805e-01,-6.562777338002304361e+01,-1.563206242158695431e+02
4.849374067335233129e-01,-6.573816584912965766e+01,-1.541228477598434097e+02
4.928249570040513228e-01,-6.583796832588484449e+01,-1.520063800686685909e+02
5.008407989848212560e-01,-6.592844246701051247e+01,-1.499725834834469538e+02
5.089870193519679953e-01,-6.601079129101287890e+01,-1.480218718254780867e+02
5.172657387216018643e-01,-6.608614516920079041e+01,-1.461538432140809505e+02
5.256791122018424911e-01,-6.615555255145626745e+01,-1.443674128334649538e+02
5.342293299538352080e-01,-6.621997478435902451e+01,-1.426609399791346107e+02
5.429186177618943177e-01,-6.628028430816370076e+01,-1.410323454823088980e+02
5.517492376129122800e-01,-6.633726552047932046e+01,-1.394792171546922077e+02
5.607234882852032420e-01,-6.639161764500192930e+01,-1.379989021492622783e+02
5.698437059469142474e-01,-6.644395902293348399e+01,-1.365885860835011840e+02
5.791122647641758769e-01,-6.649483233677010219e+01,-1.352453594426967811e+02
5.885315775191450882e-01,-6.654471036951436247e+01,-1.339662722144529994e+02
5.981040962380937964e-01,-6.659400198968896234e+01,-1.327483779498698482e+02
6.078323128297229427e-01,-6.664305812969033127e+01,-1.315887685493140395e+02
6.177187597338494873e-01,-6.669217759029423576e+01,-1.304846010730196610e+02
6.277660105806499580e-01,-6.674161255738495413e+01,-1.294331178131650120e+02
6.379766808606281980e-01,-6.679157375907142580e+01,-1.284316607611268353e+02
6.483534286054720708e-01,-6.684223522362937331e+01,-1.274776814808511745e+02
6.588989550799949635e-01,-6.689373862270707605e+01,-1.265687472703795322e+02
6.696160054853221855e-01,-6.694619720147889552e+01,-1.257025443675499901e+02
6.805073696735206568e-01,-6.699969930932221018e+01,-1.248768788382623427e+02
6.915758828738525210e-01,-6.705431155234394680e+01,-1.240896756794254827e+02
7.028244264308345368e-01,-6.711008159370888393e+01,-1.233389765750239349e+02
7.142559285543126357e-01,-6.716704063004816305e+01,-1.226229366627015338e+02
7.258733650817252858e-01,-6.722520557290711452e+01,-1.219398205992435180e+02
7.376797602527730424e-01,-6.728458096373256581e+01,-1.212879981552866013e+02
7.496781874966876869e-01,-6.734516064968738647e+01,-1.206659395212982417e+02
7.618717702322991281e-01,-6.740692924589953350e+01,-1.200722104670734041e+02
7.742636826811269968e-01,-6.746986340781411684e+01,-1.195054674644814554e+02
7.868571506936851145e-01,-6.753393293526845298e+01,-1.189644528568503006e+02
7.996554525892346499e-01,-6.759910172785616567e+01,-1.184479901371757933e+02
8.126619200091945716e-01,-6.766532860915339143e+01,-1.179549793804340538e+02
8.258799387844263373e-01,-6.773256803549477922e+01,-1.174843928618813607e+02
8.393129498166364000e-01,-6.780077070323164889e+01,-1.170352708827191464e+02
8.529644499741024788e-01,-6.786988406679365937e+01,-1.166067178163349638e+02
8.668379930019773916e-01,-6.793985277841035497e+01,-1.161978983820614246e+02
8.809371904473990433e-01,-6.801061905902803062e+01,-1.158080341486488578e+02
8.952657125996391629e-01,-6.808212300877335110e+01,-1.154364002661216944e+02
9.098272894455557980e-01,-6.815430286425942086e+01,-1.150823224221365422e+02
9.246257116405742771e-01,-6.822709520909097591e+01,-1.147451740171751453e+02
9.396648314954690884e-01,-6.830043514309480202e+01,-1.144243735517360960e+02
9.549485639791965852e-01,-6.837425641506573015e+01,-1.141193822179886865e+02
9.704808877380306509e-01,-6.844849152316939467e+01,-1.138297016880347030e+02
9.862658461312820979e-01,-6.852307178657062536e+01,-1.135548720908894040e+02
1.002307548283864369e+00,-6.859792739135068018e+01,-1.132944701704927013e+02
1.018610170155975325e+00,-6.867298741333024736e+01,-1.130481076174285704e+02
1.035177955630176339e+00,-6.874817982002122108e+01,-1.128154295675414573e+02
1.052015217616159015e+00,-6.882343145358079539e+01,-1.125961132612506788e+02
1.069126339173477103e+00,-6.889866799633176697e+01,-1.123898668580651190e+02
1.086515774652537347e+00,-6.897381392013636514e+01,-1.121964284015699320e+02
1.104188050854160164e+00,-6.904879242066431289e+01,-1.120155649309865282e+02
1.122147768207980123e+00,-6.912352533737336557e+01,-1.118470717362932874e+02
1.140399601970033094e+00,-6.919793305981967535e+01,-1.116907717548317294e+02
1.158948303439811811e+00,-6.927193442073192386e+01,-1.115465151083161857e+02
1.177798701197118048e+00,-6.934544657611522211e+01,-1.114141787802199133e+02
1.196955702359042695e+00,-6.941838487249425782e+01,-1.112936664346310920e+02
1.216424293857367944e+00,-6.949066270125950950e+01,-1.111849083788736152e+02
1.236209543736769056e+00,-6.956219133994208903e+01,-1.110878616734813136e+02
1.256316602474121469e+00,-6.963287978011130974e+01,-1.110025103945176852e+02
1.276750704319264518e+00,-6.970263454146129334e+01,-1.109288660547666154e+02
1.297517168657586817e+00,-6.977135947153018947e+01,-1.108669681920073060e+02
1.318621401394748593e+00,-6.983895553037331183e+01,-1.108168851344592838e+02
1.340068896363950657e+00,-6.990532055939259237e+01,-1.107787149555698534e+02
1.361865236756082842e+00,-6.997034903340568235e+01,-1.107525866326610355e+02
1.384016096573130072e+00,-7.003393179492060483e+01,-1.107386614266050344e+02
1.406527242105236386e+00,-7.009595576946558992e+01,-1.107371345027003997e+02
1.429404533431761104e+00,-7.015630366070953983e+01,-1.107482368163589115e+02
1.452653925946781222e+00,-7.021485362399781138e+01,-1.107722372911454727e+02
1.476281471909391074e+00,-7.027147891682389513e+01,-1.108094453212457040e+02
1.500293322019216724e+00,-7.032604752466228604e+01,-1.108602136356708741e+02
1.524695727017572944e+00,-7.037842176050793341e+01,-1.109249415675802481e+02
1.549495039314631617e+00,-7.042845783640915158e+01,-1.110040787791655248e+02
1.574697714643086721e+00,-7.047600540525458257e+01,-1.110981295007833864e+02
1.600310313738701806e+00,-7.052090707109219636e+01,-1.112076573526700543e+02
1.626339504048190499e+00,-7.056299786634068028e+01,-1.113332908288914496e+02
1.652792061464893880e+00,-7.060210469442057502e+01,-1.114757295365022003e+02
1.679674872092653093e+00,-7.063804573662153530e+01,-1.116357512985932772e+02
1.706994934038407852e+00,-7.067062982247284708e+01,-1.118142202484766301e+02
1.734759359233932541e+00,-7.069965576355734527e+01,-1.120120960642462364e+02
1.762975375287203939e+00,-7.072491165168190719e+01,-1.122304445190607396e+02
1.791650327363899509e+00,-7.074617412369514113e+01,-1.124704495535250146e+02
1.820791680099462351e+00,-7.076320759716581676e+01,-1.127334271135053996e+02
1.850407019542302134e+00,-7.077576348379309934e+01,-1.130208410407683459e+02
1.880504055128583429e+00,-7.078357939106473395e+01,-1.133343213564044163e+02
1.911090621689135904e+00,-7.078637832765599569e+01,-1.136756853397479290e+02
1.942174681489024390e+00,-7.078386793483124961e+01,-1.140469618803880678e+02
1.973764326300255334e+00,-7.077573977529753790e+01,-1.144504196701332148e+02
2.005867779508233806e+00,-7.076166872341219971e+01,-1.148885999079800797e+02
2.038493398252464228e+00,-7.074131251751512650e+01,-1.153643543169947918e+02
2.071649675602067031e+00,-7.071431155800266311e+01,-1.158808894203432942e+02
2.105345242766703873e+00,-7.068028906571259995e+01,-1.164418181970342800e+02
2.139588871343421683e+00,-7.063885175714224829e+01,-1.170512204378940169e+02
2.174389475600079891e+00,-7.058959124991217493e+01,-1.177137133485344123e+02
2.209756114795903059e+00,-7.053208648906262113e+01,-1.184345341944224685e+02
2.245697995539771785e+00,-7.046590758945768584e+01,-1.192196370424446457e+02
2.282224474186896224e+00,-7.039062163148508944e+01,-1.200758059002426990e+02
2.319345059274427356e+00,-7.030580113928326114e+01,-1.210107867450205674e+02
2.357069413996727647e+00,-7.021103622976100667e+01,-1.220334409889796063e+02
2.395407358720879287e+00,-7.010595176811945350e+01,-1.231539227140345361e+02
2.434368873543113043e+00,-6.999023132743705844e+01,-1.243838812980643240e+02
2.473964100886811845e+00,-6.986365035513101418e+01,-1.257366894786830187e+02
2.514203348142796557e+00,-6.972612172468272718e+01,-1.272276938654669891e+02
2.555097090352507205e+00,-6.957775780941707922e+01,-1.288744794902526678e+02
2.596655972934872381e+00,-6.941895432817854328e+01,-1.306971307710924748e+02
2.638890814457512946e+00,-6.925050235992478065e+01,-1.327184562189665655e+02
2.681812609453012808e+00,-6.907373579803279995e+01,-1.349641205819818879e+02
2.725432531281027693e+00,-6.889072146083675818e+01,-1.374625926324200407e+02
2.769761935036890943e+00,-6.870449684905449317e+01,-1.402447666442490970e+02
2.814812360507581435e+00,-6.851935401556416139e+01,-1.433430510537168345e+02
2.860595535175745052e+00,-6.834115399401051150e+01,-1.467896478879435733e+02
2.907123377272575304e+00,-6.817763087245037923e+01,-1.506136991644482066e+02
2.954407998880379971e+00,-6.803860541484614544e+01,-1.548370115745093187e+02
3.002461709085549213e+00,-6.793597903895347656e+01,-1.594682873437562023e+02
3.051297017182871052e+00,-6.788333863162631587e+01,-1.644962998492017903e+02
3.100926635931929631e+00,-6.789501152350041480e+01,-1.698832864632924498e+02
3.151363484866476217e+00,-6.798452113525002005e+01,-1.755607575812624930e+02
3.202620693657650008e+00,-6.816263027315565637e+01,-1.814303237165395615e+02
3.254711605531848129e+00,-6.843544667254715819e+01,-1.873712481557987246e+02
3.307649780744242651e+00,-6.880321729674568587e+01,-1.932540513030708382e+02
3.361449000108768459e+00,-6.926027688490916034e+01,-1.989567014915195102e+02
3.416123268585525175e+00,-6.979617163640418198e+01,-2.043785952778978299e+02
3.471686818926559503e+00,-7.039752081972653741e+01,-2.094486730976215654e+02
3.528154115380882860e+00,-7.104998981962384619e+01,-2.141267585899134644e+02
3.585539857459817181e+00,-7.173987939670243463e+01,-2.183996838518228003e+02
3.643858983763548220e+00,-7.245512054021615711e+01,-2.222747868715357811e+02
3.703126675869923279e+00,-7.318570948798311804e+01,-2.257730438618166318e+02
3.763358362286532532e+00,-7.392373899441861340e+01,-2.289231874436441103e+02
3.824569722466999000e+00,-7.466319719757278506e+01,-2.317573065148669968e+02
3.886776690892667752e+00,-7.539966732202886135e+01,-2.343078852473528855e+02
3.949995461220646931e+00,-7.613001210850511313e+01,-2.366060018945017305e+02
4.014242490499317917e+00,-7.685208657608453109e+01,-2.386803622889634084e+02
4.079534503452449279e+00,-7.756449627591570106e+01,-2.405568863008110441e+02
4.145888496832911052e+00,-7.826640338993857426e+01,-2.422586349815813662e+02
4.213321743847289191e+00,-7.895737602174770586e+01,-2.438059316335883011e+02
4.281851798652415830e+00,-7.963727354173838080e+01,-2.452165814671018893e+02
4.351496500925045474e+00,-8.030616067287684245e+01,-2.465061311156234467e+02
4.422273980505896596e+00,-8.096424383182576889e+01,-2.476881337619880981e+02
4.494202662119142211e+00,-8.161182437992651728e+01,-2.487744012669924132e+02
4.567301270168746541e+00,-8.224926456072880399e+01,-2.497752342992075683e+02
4.641588833612781961e+00,-8.287696287376311943e+01,-2.506996271370367140e+02
4.717084690917012324e+00,-8.349533642471544681e+01,-2.515554470048138000e+02
4.793808495089106891e+00,-8.410480841049214007e+01,-2.523495894748473916e+02
4.871780218794630635e+00,-8.470579937018669625e+01,-2.530881122325106389e+02
4.951020159556350997e+00,-8.529872118877592868e+01,-2.537763497466867193e+02
5.031548945038056608e+00,-8.588397310579706811e+01,-2.544190113485693701e+02
5.113387538414320588e+00,-8.646193917811631025e+01,-2.550202650389495602e+02
5.196557243827657047e+00,-8.703298679139678029e+01,-2.555838090998756513e+02
5.281079711934331122e+00,-8.759746592221586070e+01,-2.561129333272348276e+02
5.366976945540476329e+00,-8.815570893191910784e+01,-2.566105714510368898e+02
5.454271305329836395e+00,-8.870803073162997521e+01,-2.570793460819192546e+02
5.542985515684662801e+00,-8.925472920085152850e+01,-2.575216073202542475e+02
5.633142670601351654e+00,-8.979608577383319812e+01,-2.579394659887959733e+02
5.724766239702178794e+00,-9.033236613129801640e+01,-2.583348222995423953e+02
5.817880074344935259e+00,-9.086382095242379364e+01,-2.587093906379215582e+02
5.912508413831881526e+00,-9.139068669473826390e+01,-2.590647210397510207e+02
6.008675891719680529e+00,-9.191318637901076727e+01,-2.594022178458988606e+02
6.106407542232036079e+00,-9.243153036316734017e+01,-2.597231559436428938e+02
6.205728806776500406e+00,-9.294591709436002702e+01,-2.600286949400999674e+02
6.306665540567405692e+00,-9.345653383206732201e+01,-2.603198915598094345e+02
6.409244019356457045e+00,-9.396355733783009612e+01,-2.605977105139087371e+02
6.513490946272796123e+00,-9.446715452920722100e+01,-2.608630340509062080e+02
6.619433458774388157e+00,-9.496748309695546197e+01,-2.611166703676403813e+02
6.727099135712336420e+00,-9.546469208544198182e+01,-2.613593610326078078e+02
6.836516004510238886e+00,-9.595892243699961455e+01,-2.615917875516139475e+02
6.947712548460240001e+00,-9.645030750140462317e+01,-2.618145771869559439e+02
7.060717714137765277e+00,-9.693897351196415002e+01,-2.620283081255116713e+02
7.175560918936921162e+00,-9.742504002988347622e+01,-2.622335140777054221e+02
7.292272058728312523e+00,-9.790862035867810675e+01,-2.624306883779502755e+02
7.410881515641570161e+00,-9.838982193042934909e+01,-2.626202876475077232e+02
7.531420165974375358e+00,-9.886874666566647818e+01,-2.628027350724754569e+02
7.653919388230155718e+00,-9.934549130861665844e+01,-2.629784233425928619e+02
7.778411071286481793e+00,-9.982014773949737219e+01,-2.631477172905497355e+02
7.904927622696420464e+00,-1.002928032654498622e+02,-2.633109562663373140e+02
8.033501977124734239e+00,-1.007635408916237907e+02,-2.634684562767625948e+02
8.164167604921471977e+00,-1.012324395738372402e+02,-2.636205119164469579e+02
8.296958520834914808e+00,-1.016995744541432600e+02,-2.637673981133502821e+02
8.431909292866251349e+00,-1.021650170805470168e+02,-2.639093717090312907e+02
8.569055051268346546e+00,-1.026288356120309402e+02,-2.640466728914051942e+02
8.708431497690723333e+00,-1.030910950099622312e+02,-2.641795264956332971e+02
8.850074914473438525e+00,-1.035518572168800517e+02,-2.643081431869323978e+02
8.994022174092053845e+00,-1.040111813235839833e+02,-2.644327205374860341e+02
9.140310748756222736e+00,-1.044691237253774574e+02,-2.645534440082361698e+02
9.288978720164497105e+00,-1.049257382682546478e+02,-2.646704878451100740e+02
9.440064789417602853e+00,-1.053810763857580781e+02,-2.647840158981654213e+02
9.593608287093147169e+00,-1.058351872271805405e+02,-2.648941823711973029e+02
9.749649183484097037e+00,-1.062881177777307471e+02,-2.650011325085243925e+02
9.908228099003787648e+00,-1.067399129712359382e+02,-2.651050032249480637e+02
1.006938631476027091e+01,-1.071906157959100767e+02,-2.652059236842363816e+02
1.023316578330244830e+01,-1.076402673936745487e+02,-2.653040158309216849e+02
1.039960913954120336e+01,-1.080889071534832624e+02,-2.653993948797033227e+02
1.056875971184805074e+01,-1.085365727990665903e+02,-2.654921697663017994e+02
1.074066153333432361e+01,-1.089833004714790690e+02,-2.655824435632235918e+02
1.091535935331391016e+01,-1.094291248068056461e+02,-2.656703138635451751e+02
1.109289864895222699e+01,-1.098740790093538777e+02,-2.657558731355176178e+02
1.127332563710487179e+01,-1.103181949206364720e+02,-2.658392090505182637e+02
1.145668728634872657e+01,-1.107615030844239499e+02,-2.659204047866288647e+02
1.164303132920875683e+01,-1.112040328081274083e+02,-2.659995393099033549e+02
1.183240627458378036e+01,-1.116458122207522621e+02,-2.660766876351909218e+02
1.202486142037412264e+01,-1.120868683276447229e+02,-2.661519210682054677e+02
1.222044686631488730e+01,-1.125272270622389357e+02,-2.662253074303756648e+02
1.241921352701784542e+01,-1.129669133349952688e+02,-2.662969112678692341e+02
1.262121314522546101e+01,-1.134059510797079042e+02,-2.663667940460576347e+02
1.282649830528059809e+01,-1.138443632973468880e+02,-2.664350143305747451e+02
1.303512244681508925e+01,-1.142821720975873490e+02,-2.665016279560200019e+02
1.324713987866117471e+01,-1.147193987381692324e+02,-2.665666881832636363e+02
1.346260579298911075e+01,-1.151560636622193812e+02,-2.666302458462295704e+02
1.368157627967470447e+01,-1.155921865336594578e+02,-2.666923494889546760e+02
1.390410834090069692e+01,-1.160277862708149996e+02,-2.667530454936558044e+02
1.413025990599533621e+01,-1.164628810783315060e+02,-2.668123782004748819e+02
1.436008984651260612e+01,-1.168974884774983707e+02,-2.668703900195140477e+02
1.459365799155757593e+01,-1.173316253350731415e+02,-2.669271215357257461e+02
1.483102514336102828e+01,-1.177653078906926822e+02,-2.669826116071728848e+02
1.507225309310755534e+01,-1.181985517829528760e+02,-2.670368974571345575e+02
1.531740463702079857e+01,-1.186313720742317628e+02,-2.670900147604943413e+02
1.556654359271061949e+01,-1.190637832743275624e+02,-2.671419977248122564e+02
1.581973481578601515e+01,-1.194957993629775217e+02,-2.671928791664518030e+02
1.607704421673821926e+01,-1.199274338113193039e+02,-2.672426905821025684e+02
1.633853877809860222e+01,-1.203586996023535249e+02,-2.672914622160137696e+02
1.660428657187529566e+01,-1.207896092504606287e+02,-2.673392231232296012e+02
1.687435677727375705e+01,-1.212201748200244680e+02,-2.673860012290953136e+02
1.714881969870540956e+01,-1.216504079432091743e+02,-2.674318233852819731e+02
1.742774678408917310e+01,-1.220803198369348195e+02,-2.674767154225609147e+02
1.771121064345086893e+01,-1.225099213190936354e+02,-2.675207022005397448e+02
1.799928506782476489e+01,-1.229392228240462828e+02,-2.675638076545586728e+02
1.829204504846293844e+01,-1.233682344174355450e+02,-2.676060548399286176e+02
1.858956679635688403e+01,-1.237969658103523045e+02,-2.676474659736828698e+02
1.889192776207664437e+01,-1.242254263728864458e+02,-2.676880624739985706e+02
1.919920665593282649e+01,-1.246536251470942460e+02,-2.677278649974352334e+02
1.951148346846616377e+01,-1.250815708594100926e+02,-2.677668934741265048e+02
1.982883949127071332e+01,-1.255092719325317461e+02,-2.678051671410524364e+02
2.015135733815558439e+01,-1.259367364968036327e+02,-2.678427045735097636e+02
2.047912096665083226e+01,-1.263639724011230356e+02,-2.678795237148901833e+02
2.081221569986337272e+01,-1.267909872233926052e+02,-2.679156419048697444e+02
2.115072824868794754e+01,-1.272177882805400486e+02,-2.679510759061042791e+02
2.149474673437980599e+01,-1.276443826381264870e+02,-2.679858419295205749e+02
2.184436071149428571e+01,-1.280707771195623650e+02,-2.680199556582862215e+02
2.219966119119952452e+01,-1.284969783149492741e+02,-2.680534322705361774e+02
2.256074066496859132e+01,-1.289229925895652968e+02,-2.680862864609285907e+02
2.292769312865648601e+01,-1.293488260920099151e+02,-2.681185324610983116e+02
2.330061410696924540e+01,-1.297744847620245707e+02,-2.681501840590709094e+02
2.367960067833078597e+01,-1.301999743380031305e+02,-2.681812546176973910e+02
2.406475150015421605e+01,-1.306253003642062538e+02,-2.682117570921654988e+02
2.445616683452444207e+01,-1.310504681976935899e+02,-2.682417040466390858e+02
2.485394857429798421e+01,-1.314754830149849454e+02,-2.682711076700753097e+02
2.525820026962784581e+01,-1.319003498184639227e+02,-2.682999797912654572e+02
2.566902715491951881e+01,-1.323250734425342046e+02,-2.683283318931418080e+02
2.608653617622550769e+01,-1.327496585595397676e+02,-2.683561751263921451e+02
2.651083601908536380e+01,-1.331741096854589159e+02,-2.683835203224190309e+02
2.694203713681882206e+01,-1.335984311853821964e+02,-2.684103780056796040e+02
2.738025177927857712e+01,-1.340226272787828066e+02,-2.684367584054400027e+02
2.782559402207125743e+01,-1.344467020445888750e+02,-2.684626714669755074e+02
2.827817979625343980e+01,-1.348706594260658278e+02,-2.684881268622463040e+02
2.873812691851063406e+01,-1.352945032355162596e+02,-2.685131340000760929e+02
2.920555512182745161e+01,-1.357182371588057208e+02,-2.685377020358611730e+02
2.968058608665602449e+01,-1.361418647597206473e+02,-2.685618398808335883e+02
3.016334347259197202e+01,-1.365653894841661895e+02,-2.685855562109020411e+02
3.065395295056529790e+01,-1.369888146642100253e+02,-2.686088594750925722e+02
3.115254223555484714e+01,-1.374121435219781802e+02,-2.686317579036096959e+02
3.165924111983520461e+01,-1.378353791734095921e+02,-2.686542595155378308e+02
3.217418150676371624e+01,-1.382585246318738541e+02,-2.686763721262005333e+02
3.269749744511767631e+01,-1.386815828116590694e+02,-2.686981033541961779e+02
3.322932516398974911e+01,-1.391045565313335715e+02,-2.687194606281255460e+02
3.376980310825087628e+01,-1.395274485169873060e+02,-2.687404511930271838e+02
3.431907197459042891e+01,-1.399502614053578213e+02,-2.687610821165352490e+02
3.487727474814177242e+01,-1.403729977468438221e+02,-2.687813602947735490e+02
3.544455673970435328e+01,-1.407956600084129093e+02,-2.688012924579987839e+02
3.602106562357073472e+01,-1.412182505764056941e+02,-2.688208851760056177e+02
3.660695147596898380e+01,-1.416407717592411473e+02,-2.688401448633049995e+02
3.720236681413065583e+01,-1.420632257900270758e+02,-2.688590777840869919e+02
3.780746663599349233e+01,-1.424856148290784859e+02,-2.688776900569785084e+02
3.842240846055060643e+01,-1.429079409663482920e+02,-2.688959876596056802e+02
3.904735236885564120e+01,-1.433302062237733594e+02,-2.689139764329704576e+02
3.968246104569477950e+01,-1.437524125575384062e+02,-2.689316620856509417e+02
4.032789982193705214e+01,-1.441745618602621164e+02,-2.689490501978317525e+02
4.098383671757261482e+01,-1.445966559631067980e+02,-2.689661462251755779e+02
4.165044248545184757e+01,-1.450186966378160207e+02,-2.689829555025403351e+02
4.232789065573552989e+01,-1.454406855986815685e+02,-2.689994832475514386e+02
4.301635758106790774e+01,-1.458626245044430334e+02,-2.690157345640344602e+02
4.371602248248502320e+01,-1.462845149601223227e+02,-2.690317144453158562e+02
4.442706749606882966e+01,-1.467063585187954402e+02,-2.690474277773962513e+02
4.514967772036101934e+01,-1.471281566833037573e+02,-2.690628793420042939e+02
4.588404126454761212e+01,-1.475499109079070763e+02,-2.690780738195342678e+02
4.663034929742726575e+01,-1.479716225998805328e+02,-2.690930157918743930e+02
4.738879609717650965e+01,-1.483932931210575248e+02,-2.691077097451300801e+02
4.815957910192350511e+01,-1.488149237893200052e+02,-2.691221600722467429e+02
4.894289896114531757e+01,-1.492365158800388087e+02,-2.691363710755370562e+02
4.973895958790068050e+01,-1.496580706274654062e+02,-2.691503469691165265e+02
5.054796821191235523e+01,-1.500795892260766209e+02,-2.691640918812516929e+02
5.137013543351338996e+01,-1.505010728318744100e+02,-2.691776098566245992e+02
5.220567527846975509e+01,-1.509225225636418770e+02,-2.691909048585176834e+02
5.305480525369573996e+01,-1.513439395041571629e+02,-2.692039807709215324e+02
5.391774640387505713e+01,-1.517653247013671205e+02,-2.692168414005697628e+02
5.479472336900281704e+01,-1.521866791695214260e+02,-2.692294904789041539e+02
5.568596444286409053e+01,-1.526080038902692877e+02,-2.692419316639722524e+02
5.659170163246242424e+01,-1.530292998137190921e+02,-2.692541685422610271e+02
5.751217071841613659e+01,-1.534505678594633764e+02,-2.692662046304689625e+02
5.844761131633637774e+01,-1.538718089175696946e+02,-2.692780433772192055e+02
5.939826693920350209e+01,-1.542930238495382298e+02,-2.692896881647165515e+02
6.036438506075863586e+01,-1.547142134892284844e+02,-2.693011423103497464e+02
6.134621717992506262e+01,-1.551353786437543931e+02,-2.693124090682425162e+02
6.234401888627863997e+01,-1.555565200943508160e+02,-2.693234916307545745e+02
6.335804992658254520e+01,-1.559776385972106709e+02,-2.693343931299348242e+02
6.438857427240412790e+01,-1.563987348842950382e+02,-2.693451166389289142e+02
6.543586018883229372e+01,-1.568198096641165193e+02,-2.693556651733427998e+02
6.650018030431118632e+01,-1.572408636224964766e+02,-2.693660416925642380e+02
6.758181168161110008e+01,-1.576618974232979440e+02,-2.693762491010433564e+02
6.868103588995307973e+01,-1.580829117091340379e+02,-2.693862902495349090e+02
6.979813907830653363e+01,-1.585039071020535175e+02,-2.693961679363027315e+02
7.093341204987989101e+01,-1.589248842042038632e+02,-2.694058849082881579e+02
7.208715033782135606e+01,-1.593458435984722996e+02,-2.694154438622443877e+02
7.325965428215229736e+01,-1.597667858491063271e+02,-2.694248474458371447e+02
7.445122910795143412e+01,-1.601877115023137321e+02,-2.694340982587136750e+02
7.566218500481046760e+01,-1.606086210868431294e+02,-2.694431988535407640e+02
7.689283720758305662e+01,-1.610295151145458021e+02,-2.694521517370133665e+02
7.814350607844542651e+01,-1.614503940809186133e+02,-2.694609593708347575e+02
7.941451719029339529e+01,-1.618712584656298930e+02,-2.694696241726690573e+02
8.070620141149507276e+01,-1.622921087330280159e+02,-2.694781485170675523e+02
8.201889499202211198e+01,-1.627129453326333532e+02,-2.694865347363695491e+02
8.335293965098186675e+01,-1.631337686996142793e+02,-2.694947851215783885e+02
8.470868266557401682e+01,-1.635545792552480577e+02,-2.695029019232142673e+02
8.608647696149245121e+01,-1.639753774073662100e+02,-2.695108873521438682e+02
8.748668120479914023e+01,-1.643961635507858148e+02,-2.695187435803883318e+02
8.890965989529166791e+01,-1.648169380677269658e+02,-2.695264727419098563e+02
9.035578346138920836e+01,-1.652377013282164171e+02,-2.695340769333774915e+02
9.182542835656282421e+01,-1.656584536904783818e+02,-2.695415582149138345e+02
9.331897715733238385e+01,-1.660791955013124834e+02,-2.695489186108221134e+02
9.483681866285927242e+01,-1.664999270964597713e+02,-2.695561601102947975e+02
9.637934799615796067e+01,-1.669206488009567124e+02,-2.695632846681049273e+02
9.794696670695385876e+01,-1.673413609294777586e+02,-2.695702942052794810e+02
9.954008287621518036e+01,-1.677620637866672837e+02,-2.695771906097568262e+02
1.011591112223829754e+02,-1.681827576674600095e+02,-2.695839757370274583e+02
1.028044732093309790e+02,-1.686034428573918262e+02,-2.695906514107593921e+02
1.044765971560805298e+02,-1.690241196329003230e+02,-2.695972194234086601e+02
1.061759183482999020e+02,-1.694447882616155709e+02,-2.696036815368150314e+02
1.079028791516183645e+02,-1.698654490026418955e+02,-2.696100394827835771e+02
1.096579291267809850e+02,-1.702861021068300147e+02,-2.696162949636525354e+02
1.114415251466788135e+02,-1.707067478170409345e+02,-2.696224496528482177e+02
1.132541315152812587e+02,-1.711273863684011189e+02,-2.696285051954268397e+02
1.150962200885031166e+02,-1.715480179885495318e+02,-2.696344632086037905e+02
1.169682703970384665e+02,-1.719686428978768333e+02,-2.696403252822710215e+02
1.188707697711903251e+02,-1.723892613097565629e+02,-2.696460929795030097e+02
1.208042134677328932e+02,-1.728098734307693292e+02,-2.696517678370505564e+02
1.227691047988360395e+02,-1.732304794609195824e+02,-2.696573513658245247e+02
1.247659552630868518e+02,-1.736510795938453384e+02,-2.696628450513683219e+02
1.267952846786433980e+02,-1.740716740170215360e+02,-2.696682503543200369e+02
1.288576213185517929e+02,-1.744922629119564590e+02,-2.696735687108649131e+02
1.309535020482667562e+02,-1.749128464543820769e+02,-2.696788015331772499e+02
1.330834724654075956e+02,-1.753334248144383309e+02,-2.696839502098538333e+02
1.352480870417873859e+02,-1.757539981568512530e+02,-2.696890161063371352e+02
1.374479092677536585e+02,-1.761745666411060540e+02,-2.696940005653303274e+02
1.396835117988739796e+02,-1.765951304216136464e+02,-2.696989049072029729e+02
1.419554766050101478e+02,-1.770156896478726765e+02,-2.697037304303885321e+02
1.442643951218158804e+02,-1.774362444646259860e+02,-2.697084784117735126e+02
1.466108684046982944e+02,-1.778567950120121566e+02,-2.697131501070788886e+02
1.489955072852853561e+02,-1.782773414257125069e+02,-2.697177467512329940e+02
1.514189325304351996e+02,-1.786978838370926610e+02,-2.697222695587374233e+02
1.538817750038346333e+02,-1.791184223733403087e+02,-2.697267197240254859e+02
1.563846758302247792e+02,-1.795389571575981620e+02,-2.697310984218130443e+02
1.589282865622976431e+02,-1.799594883090928761e+02,-2.697354068074424163e+02
1.615132693503089740e+02,-1.803800159432598207e+02,-2.697396460172201387e+02
1.641402971144466392e+02,-1.808005401718636449e+02,-2.697438171687467161e+02
1.668100537200059250e+02,-1.812210611031152041e+02,-2.697479213612410831e+02
1.695232341554121263e+02,-1.816415788417847921e+02,-2.697519596758580747e+02
1.722805447131392214e+02,-1.820620934893116214e+02,-2.697559331759999850e+02
1.750827031735723267e+02,-1.824826051439099501e+02,-2.697598429076216462e+02
1.779304389918577272e+02,-1.829031139006714852e+02,-2.697636898995302204e+02
1.808244934877951664e+02,-1.833236198516651143e+02,-2.697674751636788528e+02
1.837656200388172465e+02,-1.837441230860328005e+02,-2.697711996954546976e+02
1.867545842761074084e+02,-1.841646236900828626e+02,-2.697748644739618271e+02
1.897921642839099547e+02,-1.845851217473802421e+02,-2.697784704622980030e+02
1.928791508020777599e+02,-1.850056173388337015e+02,-2.697820186078274105e+02
1.960163474319185752e+02,-1.854261105427802363e+02,-2.697855098424470270e+02
1.992045708453871384e+02,-1.858466014350669866e+02,-2.697889450828488975e+02
2.024446509976801849e+02,-1.862670900891305052e+02,-2.697923252307771236e+02
2.057374313432911492e+02,-1.866875765760734112e+02,-2.697956511732803051e+02
2.090837690555750044e+02,-1.871080609647386268e+02,-2.697989237829589797e+02
2.124845352498882960e+02,-1.875285433217811715e+02,-2.698021439182088557e+02
2.159406152103567536e+02,-1.879490237117377944e+02,-2.698053124234595543e+02
2.194529086203311294e+02,-1.883695021970943912e+02,-2.698084301294087481e+02
2.230223297965936240e+02,-1.887899788383513169e+02,-2.698114978532522628e+02
2.266498079273692952e+02,-1.892104536940863113e+02,-2.698145163989101434e+02
2.303362873142131377e+02,-1.896309268210156347e+02,-2.698174865572480030e+02
2.340827276178294198e+02,-1.900513982740535823e+02,-2.698204091062953012e+02
2.378901041078890728e+02,-1.904718681063693282e+02,-2.698232848114588478e+02
2.417594079169128349e+02,-1.908923363694429440e+02,-2.698261144257332944e+02
2.456916462982790108e+02,-1.913128031131184912e+02,-2.698288986899070778e+02
2.496878428884326695e+02,-1.917332683856565723e+02,-2.698316383327652375e+02
2.537490379733571615e+02,-1.921537322337842966e+02,-2.698343340712885379e+02
2.578762887593803725e+02,-1.925741947027442791e+02,-2.698369866108490669e+02
2.620706696483849782e+02,-1.929946558363416784e+02,-2.698395966454020822e+02
2.663332725174980737e+02,-1.934151156769899842e+02,-2.698421648576751295e+02
2.706652070033241557e+02,-1.938355742657552412e+02,-2.698446919193531244e+02
2.750676007908067504e+02,-1.942560316423987672e+02,-2.698471784912608769e+02
2.795415999067859047e+02,-1.946764878454187055e+02,-2.698496252235418638e+02
2.840883690183301269e+02,-1.950969429120902987e+02,-2.698520327558342728e+02
2.887090917359234368e+02,-1.955173968785045417e+02,-2.698544017174436931e+02
2.934049709215786947e+02,-1.959378497796058696e+02,-2.698567327275133607e+02
2.981772290019673619e+02,-1.963583016492288209e+02,-2.698590263951906536e+02
3.030271082866399297e+02,-1.967787525201328549e+02,-2.698612833197913119e+02
3.079558712914223406e+02,-1.971992024240370256e+02,-2.698635040909609870e+02
3.129648010670750296e+02,-1.976196513916526953e+02,-2.698656892888331527e+02
3.180552015332919495e+02,-1.980400994527157366e+02,-2.698678394841853674e+02
3.232283978181380917e+02,-1.984605466360173693e+02,-2.698699552385921834e+02
3.284857366030046819e+02,-1.988809929694343737e+02,-2.698720371045756110e+02
3.338285864731757329e+02,-1.993014384799579091e+02,-2.698740856257530822e+02
3.392583382740991738e+02,-1.997218831937219647e+02,-2.698761013369829129e+02
3.447764054734464025e+02,-2.001423271360303602e+02,-2.698780847645073209e+02
3.503842245290675805e+02,-2.005627703313831205e+02,-2.698800364260928291e+02
3.560832552629281622e+02,-2.009832128035020560e+02,-2.698819568311685657e+02
3.618749812411276707e+02,-2.014036545753555743e+02,-2.698838464809618927e+02
3.677609101601030943e+02,-2.018240956691826966e+02,-2.698857058686322148e+02
3.737425742391064318e+02,-2.022445361065158522e+02,-2.698875354794021746e+02
3.798215306190735987e+02,-2.026649759082036439e+02,-2.698893357906866868e+02
3.859993617679771205e+02,-2.030854150944325056e+02,-2.698911072722199265e+02
3.922776758927715264e+02,-2.035058536847476773e+02,-2.698928503861802710e+02
3.986581073580438783e+02,-2.039262916980737543e+02,-2.698945655873127407e+02
4.051423171114647062e+02,-2.043467291527341274e+02,-2.698962533230499048e+02
4.117319931161679278e+02,-2.047671660664703097e+02,-2.698979140336304567e+02
4.184288507901584353e+02,-2.051876024564602972e+02,-2.698995481522159139e+02
4.252346334528677403e+02,-2.056080383393364741e+02,-2.699011561050053842e+02
4.321511127789761986e+02,-2.060284737312031496e+02,-2.699027383113483438e+02
4.391800892596086214e+02,-2.064489086476530133e+02,-2.699042951838557087e+02
4.463233926710397554e+02,-2.068693431037835069e+02,-2.699058271285088608e+02
4.535828825510191109e+02,-2.072897771142127681e+02,-2.699073345447669681e+02
4.609604486828429231e+02,-2.077102106930944103e+02,-2.699088178256727133e+02
4.684580115873044974e+02,-2.081306438541328703e+02,-2.699102773579557493e+02
4.760775230226367967e+02,-2.085510766105971356e+02,-2.699117135221351305e+02
4.838209664925957441e+02,-2.089715089753347854e+02,-2.699131266926195849e+02
4.916903577628031030e+02,-2.093919409607854618e+02,-2.699145172378061375e+02
4.996877453854878581e+02,-2.098123725789936316e+02,-2.699158855201774827e+02
5.078152112327670693e+02,-2.102328038416214611e+02,-2.699172318963973112e+02
5.160748710385907998e+02,-2.106532347599605828e+02,-2.699185567174043854e+02
5.244688749495119282e+02,-2.110736653449440610e+02,-2.699198603285047966e+02
5.329994080844093105e+02,-2.114940956071577887e+02,-2.699211430694630280e+02
5.416686911033146998e+02,-2.119145255568513448e+02,-2.699224052745914832e+02
5.504789807854967876e+02,-2.123349552039490789e+02,-2.699236472728379113e+02
5.594325706169377099e+02,-2.127553845580598875e+02,-2.699248693878724907e+02
5.685317913873753923e+02,-2.131758136284877025e+02,-2.699260719381726972e+02
5.777790117970506572e+02,-2.135962424242409270e+02,-2.699272552371068059e+02
5.871766390733249636e+02,-2.140166709540417855e+02,-2.699284195930165424e+02
5.967271195973310114e+02,-2.144370992263357323e+02,-2.699295653092978000e+02
6.064329395408061600e+02,-2.148575272492998351e+02,-2.699306926844805616e+02
6.162966255132942024e+02,-2.152779550308516150e+02,-2.699318020123070028e+02
6.263207452198691954e+02,-2.156983825786570037e+02,-2.699328935818088553e+02
6.365079081295564265e+02,-2.161188099001386149e+02,-2.699339676773828955e+02
6.468607661546320742e+02,-2.165392370024833326e+02,-2.699350245788658640e+02
6.573820143409585626e+02,-2.169596638926498429e+02,-2.699360645616077363e+02
6.680743915695614987e+02,-2.173800905773757393e+02,-2.699370878965438578e+02
6.789406812696112183e+02,-2.178005170631847420e+02,-2.699380948502659976e+02
6.899837121430010711e+02,-2.182209433563933487e+02,-2.699390856850921523e+02
7.012063589007176461e+02,-2.186413694631175701e+02,-2.699400606591354403e+02
7.126115430111744899e+02,-2.190617953892791263e+02,-2.699410200263716320e+02
7.242022334607315770e+02,-2.194822211406116708e+02,-2.699419640367055422e+02
7.359814475265770852e+02,-2.199026467226667876e+02,-2.699428929360366851e+02
7.479522515621813454e+02,-2.203230721408198178e+02,-2.699438069663234501e+02
7.601177617955322603e+02,-2.207434974002754018e+02,-2.699447063656465389e+02
7.724811451403400042e+02,-2.211639225060728222e+02,-2.699455913682712662e+02
7.850456200204508832e+02,-2.215843474630914898e+02,-2.699464622047089506e+02
7.978144572076629402e+02,-2.220047722760556894e+02,-2.699473191017769977e+02
8.107909806731678373e+02,-2.224251969495396963e+02,-2.699481622826584157e+02
8.239785684528511638e+02,-2.228456214879727781e+02,-2.699489919669600795e+02
8.373806535266489846e+02,-2.232660458956432876e+02,-2.699498083707702563e+02
8.510007247122246099e+02,-2.236864701767034944e+02,-2.699506117067151081e+02
8.648423275731726108e+02,-2.241068943351737914e+02,-2.699514021840140572e+02
8.789090653419963246e+02,-2.245273183749469297e+02,-2.699521800085348104e+02
8.932045998580958894e+02,-2.249477422997919689e+02,-2.699529453828469627e+02
9.077326525210223735e+02,-2.253681661133584839e+02,-2.699536985062749181e+02
9.224970052592174170e+02,-2.257885898191799185e+02,-2.699544395749500154e+02
9.375015015145289681e+02,-2.262090134206776497e+02,-2.699551687818618007e+02
9.527500472427300338e+02,-2.266294369211643982e+02,-2.699558863169085043e+02
9.682466119303113601e+02,-2.270498603238475539e+02,-2.699565923669464382e+02
9.839952296278225958e+02,-2.274702836318329560e+02,-2.699572871158390512e+02
1.000000000000000000e+03,-2.278907068481275360e+02,-2.699579707445046211e+02
